"supplier";"molecule_type";"product_id";"structure_type";"structure_representation"
"ambion";"SIRNA";"s47766";"NUCLEIC_ACID";"CGAAGGUUCAAUUCACAGAtt"
"ambion";"SIRNA";"s47767";"NUCLEIC_ACID";"ACCUGAUCUUAAUUGGAAAtt"
"ambion";"SIRNA";"s47768";"NUCLEIC_ACID";"GGAUCUUGUUCGAGUAGAAtt"
"ambion";"SIRNA";"s34087";"NUCLEIC_ACID";"GGAGAGCGAUACUGCAAGAtt"
"ambion";"SIRNA";"s34088";"NUCLEIC_ACID";"GUAGUAGUCUUAAGAGUAAtt"
"ambion";"SIRNA";"s35287";"NUCLEIC_ACID";"CCCUGGUUCUUGCAGUUCAtt"
"ambion";"SIRNA";"s35288";"NUCLEIC_ACID";"GAACCUACUCAGAUACAGAtt"
"ambion";"SIRNA";"s35289";"NUCLEIC_ACID";"GACUGAUACAAGGACUAAAtt"
"ambion";"SIRNA";"s28887";"NUCLEIC_ACID";"CUUUCUAUGUUACAAGAUUtt"
"ambion";"SIRNA";"s28888";"NUCLEIC_ACID";"GAACUGUUCUAAGUUACCAtt"
"ambion";"SIRNA";"s28889";"NUCLEIC_ACID";"CCAGGUUUUUGAAGAGUUAtt"
"ambion";"SIRNA";"s51687";"NUCLEIC_ACID";"CGGCUACGGUCUACAAGAUtt"
"ambion";"SIRNA";"s51688";"NUCLEIC_ACID";"ACACGGCUACGGUCUACAAtt"
"ambion";"SIRNA";"s51689";"NUCLEIC_ACID";"AGAUUUUGUGGGCUCUACAtt"
"ambion";"SIRNA";"s4537";"NUCLEIC_ACID";"GGACAUGACAGCAACCUUUtt"
"ambion";"SIRNA";"s9510";"NUCLEIC_ACID";"GCACUGACCAUGGAAGUGAtt"
"ambion";"SIRNA";"s9511";"NUCLEIC_ACID";"CAAGCACCCGGAUACAGCAtt"
"ambion";"SIRNA";"s9512";"NUCLEIC_ACID";"AGUUCACGGAGUUCACAGAtt"
"ambion";"SIRNA";"s47766";"NUCLEIC_ACID";"UCUGUGAAUUGAACCUUCGag"
"ambion";"SIRNA";"s47767";"NUCLEIC_ACID";"UUUCCAAUUAAGAUCAGGUct"
"ambion";"SIRNA";"s47768";"NUCLEIC_ACID";"UUCUACUCGAACAAGAUCCtt"
"ambion";"SIRNA";"s34087";"NUCLEIC_ACID";"UCUUGCAGUAUCGCUCUCCta"
"ambion";"SIRNA";"s34088";"NUCLEIC_ACID";"UUACUCUUAAGACUACUACtc"
"ambion";"SIRNA";"s35287";"NUCLEIC_ACID";"UGAACUGCAAGAACCAGGGtg"
"ambion";"SIRNA";"s35288";"NUCLEIC_ACID";"UCUGUAUCUGAGUAGGUUCtt"
"ambion";"SIRNA";"s35289";"NUCLEIC_ACID";"UUUAGUCCUUGUAUCAGUCaa"
"ambion";"SIRNA";"s28887";"NUCLEIC_ACID";"AAUCUUGUAACAUAGAAAGtc"
"ambion";"SIRNA";"s28888";"NUCLEIC_ACID";"UGGUAACUUAGAACAGUUCtt"
"ambion";"SIRNA";"s28889";"NUCLEIC_ACID";"UAACUCUUCAAAAACCUGGat"
"ambion";"SIRNA";"s51687";"NUCLEIC_ACID";"AUCUUGUAGACCGUAGCCGtg"
"ambion";"SIRNA";"s51688";"NUCLEIC_ACID";"UUGUAGACCGUAGCCGUGUtg"
"ambion";"SIRNA";"s51689";"NUCLEIC_ACID";"UGUAGAGCCCACAAAAUCUtt"
"ambion";"SIRNA";"s4537";"NUCLEIC_ACID";"AAAGGUUGCUGUCAUGUCCga"
"ambion";"SIRNA";"s9510";"NUCLEIC_ACID";"UCACUUCCAUGGUCAGUGCct"
"ambion";"SIRNA";"s9511";"NUCLEIC_ACID";"UGCUGUAUCCGGGUGCUUGgg"
"ambion";"SIRNA";"s9512";"NUCLEIC_ACID";"UCUGUGAACUCCGUGAACUct"
"ambion";"SIRNA";"s47766";"MODIFICATION";"Ambion H"
"ambion";"SIRNA";"s47767";"MODIFICATION";"Ambion H"
"ambion";"SIRNA";"s47768";"MODIFICATION";"Ambion H"
"ambion";"SIRNA";"s34087";"MODIFICATION";"Ambion H"
"ambion";"SIRNA";"s34088";"MODIFICATION";"Ambion H"
"ambion";"SIRNA";"s35287";"MODIFICATION";"Ambion H"
"ambion";"SIRNA";"s35288";"MODIFICATION";"Ambion H"
"ambion";"SIRNA";"s35289";"MODIFICATION";"Ambion H"
"ambion";"SIRNA";"s28887";"MODIFICATION";"Ambion H"
"ambion";"SIRNA";"s28888";"MODIFICATION";"Ambion H"
"ambion";"SIRNA";"s28889";"MODIFICATION";"Ambion H"
"ambion";"SIRNA";"s51687";"MODIFICATION";"Ambion H"
"ambion";"SIRNA";"s51688";"MODIFICATION";"Ambion H"
"ambion";"SIRNA";"s51689";"MODIFICATION";"Ambion H"
"ambion";"SIRNA";"s4537";"MODIFICATION";"Ambion H"
"ambion";"SIRNA";"s9510";"MODIFICATION";"Ambion H"
"ambion";"SIRNA";"s9511";"MODIFICATION";"Ambion H"
"ambion";"SIRNA";"s9512";"MODIFICATION";"Ambion H"
